<annotation>
	<folder>paper</folder>
	<filename>paper.590e6a04-d57e-11eb-8b93-fc34974b24e8.jpg</filename>
	<path>C:\Users\aparg\Desktop\TFODCourse\Tensorflow\workspace\images\collectedimages\paper\paper.590e6a04-d57e-11eb-8b93-fc34974b24e8.jpg</path>
	<source>
		<database>Unknown</database>
	</source>
	<size>
		<width>640</width>
		<height>360</height>
		<depth>3</depth>
	</size>
	<segmented>0</segmented>
	<object>
		<name>paper</name>
		<pose>Unspecified</pose>
		<truncated>0</truncated>
		<difficult>0</difficult>
		<bndbox>
			<xmin>183</xmin>
			<ymin>78</ymin>
			<xmax>243</xmax>
			<ymax>178</ymax>
		</bndbox>
	</object>
</annotation>
