<annotation>
	<folder>train</folder>
	<filename>paper.62594008-d5b1-11eb-b351-fc34974b24e8.jpg</filename>
	<path>C:\Users\aparg\Desktop\TFODCourse\Tensorflow\workspace\images\collectedimages\paper\paper.62594008-d5b1-11eb-b351-fc34974b24e8.jpg</path>
	<source>
		<database>Unknown</database>
	</source>
	<size>
		<width>640</width>
		<height>360</height>
		<depth>3</depth>
	</size>
	<segmented>0</segmented>
	<object>
		<name>paper</name>
		<pose>Unspecified</pose>
		<truncated>0</truncated>
		<difficult>0</difficult>
		<bndbox>
			<xmin>366</xmin>
			<ymin>36</ymin>
			<xmax>466</xmax>
			<ymax>113</ymax>
		</bndbox>
	</object>
</annotation>
