<annotation>
	<folder>paper</folder>
	<filename>paper.4e2c48f7-d57e-11eb-8565-fc34974b24e8.jpg</filename>
	<path>C:\Users\aparg\Desktop\TFODCourse\Tensorflow\workspace\images\collectedimages\paper\paper.4e2c48f7-d57e-11eb-8565-fc34974b24e8.jpg</path>
	<source>
		<database>Unknown</database>
	</source>
	<size>
		<width>640</width>
		<height>360</height>
		<depth>3</depth>
	</size>
	<segmented>0</segmented>
	<object>
		<name>paper</name>
		<pose>Unspecified</pose>
		<truncated>0</truncated>
		<difficult>0</difficult>
		<bndbox>
			<xmin>439</xmin>
			<ymin>95</ymin>
			<xmax>537</xmax>
			<ymax>197</ymax>
		</bndbox>
	</object>
</annotation>
