<annotation>
	<folder>train</folder>
	<filename>paper.b3cff6b1-d4aa-11eb-b374-fc34974b24e8.jpg</filename>
	<path>C:\Users\aparg\Desktop\TFODCourse\Tensorflow\workspace\images\collectedimages\paper\paper.b3cff6b1-d4aa-11eb-b374-fc34974b24e8.jpg</path>
	<source>
		<database>Unknown</database>
	</source>
	<size>
		<width>640</width>
		<height>360</height>
		<depth>3</depth>
	</size>
	<segmented>0</segmented>
	<object>
		<name>paper</name>
		<pose>Unspecified</pose>
		<truncated>0</truncated>
		<difficult>0</difficult>
		<bndbox>
			<xmin>413</xmin>
			<ymin>76</ymin>
			<xmax>589</xmax>
			<ymax>259</ymax>
		</bndbox>
	</object>
</annotation>
