<annotation>
	<folder>paper</folder>
	<filename>paper.56a2c9a9-d57e-11eb-9a71-fc34974b24e8.jpg</filename>
	<path>C:\Users\aparg\Desktop\TFODCourse\Tensorflow\workspace\images\collectedimages\paper\paper.56a2c9a9-d57e-11eb-9a71-fc34974b24e8.jpg</path>
	<source>
		<database>Unknown</database>
	</source>
	<size>
		<width>640</width>
		<height>360</height>
		<depth>3</depth>
	</size>
	<segmented>0</segmented>
	<object>
		<name>paper</name>
		<pose>Unspecified</pose>
		<truncated>0</truncated>
		<difficult>0</difficult>
		<bndbox>
			<xmin>223</xmin>
			<ymin>80</ymin>
			<xmax>308</xmax>
			<ymax>187</ymax>
		</bndbox>
	</object>
</annotation>
