<annotation>
	<folder>paper</folder>
	<filename>paper.50a2b4cd-d57f-11eb-8add-fc34974b24e8.jpg</filename>
	<path>C:\Users\aparg\Desktop\TFODCourse\Tensorflow\workspace\images\collectedimages\paper\paper.50a2b4cd-d57f-11eb-8add-fc34974b24e8.jpg</path>
	<source>
		<database>Unknown</database>
	</source>
	<size>
		<width>640</width>
		<height>360</height>
		<depth>3</depth>
	</size>
	<segmented>0</segmented>
	<object>
		<name>paper</name>
		<pose>Unspecified</pose>
		<truncated>0</truncated>
		<difficult>0</difficult>
		<bndbox>
			<xmin>207</xmin>
			<ymin>25</ymin>
			<xmax>295</xmax>
			<ymax>136</ymax>
		</bndbox>
	</object>
</annotation>
