<annotation>
	<folder>train</folder>
	<filename>paper.9e2af9d0-d4a8-11eb-bb4d-fc34974b24e8.jpg</filename>
	<path>C:\Users\aparg\Desktop\TFODCourse\Tensorflow\workspace\images\collectedimages\paper\paper.9e2af9d0-d4a8-11eb-bb4d-fc34974b24e8.jpg</path>
	<source>
		<database>Unknown</database>
	</source>
	<size>
		<width>640</width>
		<height>360</height>
		<depth>3</depth>
	</size>
	<segmented>0</segmented>
	<object>
		<name>paper</name>
		<pose>Unspecified</pose>
		<truncated>0</truncated>
		<difficult>0</difficult>
		<bndbox>
			<xmin>415</xmin>
			<ymin>49</ymin>
			<xmax>607</xmax>
			<ymax>273</ymax>
		</bndbox>
	</object>
</annotation>
