<annotation>
	<folder>paper</folder>
	<filename>paper.57d7e7b7-d57e-11eb-95c4-fc34974b24e8.jpg</filename>
	<path>C:\Users\aparg\Desktop\TFODCourse\Tensorflow\workspace\images\collectedimages\paper\paper.57d7e7b7-d57e-11eb-95c4-fc34974b24e8.jpg</path>
	<source>
		<database>Unknown</database>
	</source>
	<size>
		<width>640</width>
		<height>360</height>
		<depth>3</depth>
	</size>
	<segmented>0</segmented>
	<object>
		<name>paper</name>
		<pose>Unspecified</pose>
		<truncated>0</truncated>
		<difficult>0</difficult>
		<bndbox>
			<xmin>216</xmin>
			<ymin>74</ymin>
			<xmax>302</xmax>
			<ymax>180</ymax>
		</bndbox>
	</object>
</annotation>
