<annotation>
	<folder>paper</folder>
	<filename>paper.5a53d164-d57f-11eb-9453-fc34974b24e8.jpg</filename>
	<path>C:\Users\aparg\Desktop\TFODCourse\Tensorflow\workspace\images\collectedimages\paper\paper.5a53d164-d57f-11eb-9453-fc34974b24e8.jpg</path>
	<source>
		<database>Unknown</database>
	</source>
	<size>
		<width>640</width>
		<height>360</height>
		<depth>3</depth>
	</size>
	<segmented>0</segmented>
	<object>
		<name>paper</name>
		<pose>Unspecified</pose>
		<truncated>0</truncated>
		<difficult>0</difficult>
		<bndbox>
			<xmin>115</xmin>
			<ymin>18</ymin>
			<xmax>225</xmax>
			<ymax>190</ymax>
		</bndbox>
	</object>
</annotation>
