<annotation>
	<folder>paper</folder>
	<filename>paper.292f04af-d5b1-11eb-95fe-fc34974b24e8.jpg</filename>
	<path>C:\Users\aparg\Desktop\TFODCourse\Tensorflow\workspace\images\collectedimages\paper\paper.292f04af-d5b1-11eb-95fe-fc34974b24e8.jpg</path>
	<source>
		<database>Unknown</database>
	</source>
	<size>
		<width>640</width>
		<height>360</height>
		<depth>3</depth>
	</size>
	<segmented>0</segmented>
	<object>
		<name>paper</name>
		<pose>Unspecified</pose>
		<truncated>0</truncated>
		<difficult>0</difficult>
		<bndbox>
			<xmin>218</xmin>
			<ymin>40</ymin>
			<xmax>320</xmax>
			<ymax>117</ymax>
		</bndbox>
	</object>
</annotation>
