<annotation>
	<folder>train</folder>
	<filename>paper.b50578a5-d4aa-11eb-9d44-fc34974b24e8.jpg</filename>
	<path>C:\Users\aparg\Desktop\TFODCourse\Tensorflow\workspace\images\collectedimages\paper\paper.b50578a5-d4aa-11eb-9d44-fc34974b24e8.jpg</path>
	<source>
		<database>Unknown</database>
	</source>
	<size>
		<width>640</width>
		<height>360</height>
		<depth>3</depth>
	</size>
	<segmented>0</segmented>
	<object>
		<name>paper</name>
		<pose>Unspecified</pose>
		<truncated>0</truncated>
		<difficult>0</difficult>
		<bndbox>
			<xmin>415</xmin>
			<ymin>64</ymin>
			<xmax>589</xmax>
			<ymax>261</ymax>
		</bndbox>
	</object>
</annotation>
