<annotation>
	<folder>rock</folder>
	<filename>rock.3dde4c82-d57f-11eb-ad26-fc34974b24e8.jpg</filename>
	<path>C:\Users\aparg\Desktop\TFODCourse\Tensorflow\workspace\images\collectedimages\rock\rock.3dde4c82-d57f-11eb-ad26-fc34974b24e8.jpg</path>
	<source>
		<database>Unknown</database>
	</source>
	<size>
		<width>640</width>
		<height>360</height>
		<depth>3</depth>
	</size>
	<segmented>0</segmented>
	<object>
		<name>rock</name>
		<pose>Unspecified</pose>
		<truncated>0</truncated>
		<difficult>0</difficult>
		<bndbox>
			<xmin>493</xmin>
			<ymin>100</ymin>
			<xmax>593</xmax>
			<ymax>212</ymax>
		</bndbox>
	</object>
</annotation>
