<annotation>
	<folder>rock</folder>
	<filename>rock.3de21e3d-d57e-11eb-809b-fc34974b24e8.jpg</filename>
	<path>C:\Users\aparg\Desktop\TFODCourse\Tensorflow\workspace\images\collectedimages\rock\rock.3de21e3d-d57e-11eb-809b-fc34974b24e8.jpg</path>
	<source>
		<database>Unknown</database>
	</source>
	<size>
		<width>640</width>
		<height>360</height>
		<depth>3</depth>
	</size>
	<segmented>0</segmented>
	<object>
		<name>rock</name>
		<pose>Unspecified</pose>
		<truncated>0</truncated>
		<difficult>0</difficult>
		<bndbox>
			<xmin>468</xmin>
			<ymin>91</ymin>
			<xmax>523</xmax>
			<ymax>153</ymax>
		</bndbox>
	</object>
</annotation>
