<annotation>
	<folder>scissors</folder>
	<filename>scissors.90c2c262-d588-11eb-a997-fc34974b24e8.jpg</filename>
	<path>C:\Users\aparg\Desktop\TFODCourse\Tensorflow\workspace\images\collectedimages\scissors\scissors.90c2c262-d588-11eb-a997-fc34974b24e8.jpg</path>
	<source>
		<database>Unknown</database>
	</source>
	<size>
		<width>640</width>
		<height>360</height>
		<depth>3</depth>
	</size>
	<segmented>0</segmented>
	<object>
		<name>scissors</name>
		<pose>Unspecified</pose>
		<truncated>0</truncated>
		<difficult>0</difficult>
		<bndbox>
			<xmin>475</xmin>
			<ymin>118</ymin>
			<xmax>586</xmax>
			<ymax>294</ymax>
		</bndbox>
	</object>
</annotation>
