<annotation>
	<folder>scissors</folder>
	<filename>scissors.792f729d-d57f-11eb-8823-fc34974b24e8.jpg</filename>
	<path>C:\Users\aparg\Desktop\TFODCourse\Tensorflow\workspace\images\collectedimages\scissors\scissors.792f729d-d57f-11eb-8823-fc34974b24e8.jpg</path>
	<source>
		<database>Unknown</database>
	</source>
	<size>
		<width>640</width>
		<height>360</height>
		<depth>3</depth>
	</size>
	<segmented>0</segmented>
	<object>
		<name>scissors</name>
		<pose>Unspecified</pose>
		<truncated>0</truncated>
		<difficult>0</difficult>
		<bndbox>
			<xmin>206</xmin>
			<ymin>51</ymin>
			<xmax>279</xmax>
			<ymax>152</ymax>
		</bndbox>
	</object>
</annotation>
