<annotation>
	<folder>train</folder>
	<filename>scissors.d8229dca-d587-11eb-99d1-fc34974b24e8.jpg</filename>
	<path>C:\Users\aparg\Desktop\TFODCourse\Tensorflow\workspace\images\collectedimages\scissors\scissors.d8229dca-d587-11eb-99d1-fc34974b24e8.jpg</path>
	<source>
		<database>Unknown</database>
	</source>
	<size>
		<width>640</width>
		<height>360</height>
		<depth>3</depth>
	</size>
	<segmented>0</segmented>
	<object>
		<name>scissors</name>
		<pose>Unspecified</pose>
		<truncated>0</truncated>
		<difficult>0</difficult>
		<bndbox>
			<xmin>51</xmin>
			<ymin>161</ymin>
			<xmax>230</xmax>
			<ymax>316</ymax>
		</bndbox>
	</object>
</annotation>
