<annotation>
	<folder>train</folder>
	<filename>scissors.959c3153-d588-11eb-a6e7-fc34974b24e8.jpg</filename>
	<path>C:\Users\aparg\Desktop\TFODCourse\Tensorflow\workspace\images\collectedimages\scissors\scissors.959c3153-d588-11eb-a6e7-fc34974b24e8.jpg</path>
	<source>
		<database>Unknown</database>
	</source>
	<size>
		<width>640</width>
		<height>360</height>
		<depth>3</depth>
	</size>
	<segmented>0</segmented>
	<object>
		<name>scissors</name>
		<pose>Unspecified</pose>
		<truncated>0</truncated>
		<difficult>0</difficult>
		<bndbox>
			<xmin>409</xmin>
			<ymin>66</ymin>
			<xmax>598</xmax>
			<ymax>226</ymax>
		</bndbox>
	</object>
</annotation>
