<annotation>
	<folder>scissors</folder>
	<filename>scissors.71eebdbd-d57f-11eb-9653-fc34974b24e8.jpg</filename>
	<path>C:\Users\aparg\Desktop\TFODCourse\Tensorflow\workspace\images\collectedimages\scissors\scissors.71eebdbd-d57f-11eb-9653-fc34974b24e8.jpg</path>
	<source>
		<database>Unknown</database>
	</source>
	<size>
		<width>640</width>
		<height>360</height>
		<depth>3</depth>
	</size>
	<segmented>0</segmented>
	<object>
		<name>scissors</name>
		<pose>Unspecified</pose>
		<truncated>0</truncated>
		<difficult>0</difficult>
		<bndbox>
			<xmin>212</xmin>
			<ymin>2</ymin>
			<xmax>291</xmax>
			<ymax>174</ymax>
		</bndbox>
	</object>
</annotation>
