<annotation>
	<folder>scissors</folder>
	<filename>scissors.648e0e8c-d57e-11eb-a614-fc34974b24e8.jpg</filename>
	<path>C:\Users\aparg\Desktop\TFODCourse\Tensorflow\workspace\images\collectedimages\scissors\scissors.648e0e8c-d57e-11eb-a614-fc34974b24e8.jpg</path>
	<source>
		<database>Unknown</database>
	</source>
	<size>
		<width>640</width>
		<height>360</height>
		<depth>3</depth>
	</size>
	<segmented>0</segmented>
	<object>
		<name>scissors</name>
		<pose>Unspecified</pose>
		<truncated>0</truncated>
		<difficult>0</difficult>
		<bndbox>
			<xmin>173</xmin>
			<ymin>92</ymin>
			<xmax>248</xmax>
			<ymax>193</ymax>
		</bndbox>
	</object>
</annotation>
