<annotation>
	<folder>scissors</folder>
	<filename>scissors.8f8d055d-d588-11eb-a0c1-fc34974b24e8.jpg</filename>
	<path>C:\Users\aparg\Desktop\TFODCourse\Tensorflow\workspace\images\collectedimages\scissors\scissors.8f8d055d-d588-11eb-a0c1-fc34974b24e8.jpg</path>
	<source>
		<database>Unknown</database>
	</source>
	<size>
		<width>640</width>
		<height>360</height>
		<depth>3</depth>
	</size>
	<segmented>0</segmented>
	<object>
		<name>scissors</name>
		<pose>Unspecified</pose>
		<truncated>0</truncated>
		<difficult>0</difficult>
		<bndbox>
			<xmin>524</xmin>
			<ymin>120</ymin>
			<xmax>629</xmax>
			<ymax>315</ymax>
		</bndbox>
	</object>
</annotation>
